Number of Threads, std::sort, min_max_quicksort, min_max_speedup, __gnu_parallel::sort, gnu_speedup
1, 0.577124, 0.648992, 0.889263, 0.588883, 0.980032
2, 0.573368, 0.359667, 1.59417, 0.385873, 1.4859
4, 0.589807, 0.21406, 2.75534, 0.240728, 2.45009
6, 0.584173, 0.170046, 3.43539, 0.192464, 3.03523
8, 0.567681, 0.152218, 3.72939, 0.150336, 3.77608
10, 0.580003, 0.146672, 3.95442, 0.136451, 4.25064
12, 0.570965, 0.15345, 3.72086, 0.127719, 4.47047
14, 0.578118, 0.147888, 3.90917, 0.126714, 4.56238
16, 0.608062, 0.150185, 4.04876, 0.131877, 4.61084